<?xml version="1.0" encoding="UTF-8"?>
 <beans xmlns="http://www.springframework.org/schema/beans"
    xmlns:xsi="http://www.w3.org/2001/XMLSchema-instance"
    xmlns:context="http://www.springframework.org/schema/context"
    xsi:schemaLocation="http://www.springframework.org/schema/beans http://www.springframework.org/schema/beans/spring-beans-4.3.xsd
	http://www.springframework.org/schema/context http://www.springframework.org/schema/context/spring-context-4.3.xsd">
	<context:property-override location="classpath:/person.properties"/>
	<bean id="emp" class="iocdemo1.Employee" autowire="byType" init-method="setup" destroy-method="teardown">
	<property name="firstName" value="${emp.firstName}"></property>
	<property name="lastName" value="${emp.lastName}"></property>
	<property name="designation" value="POTUS"></property>
	<property name="salary" value="5545456"></property>
	<property name="contacts">
	<list>
			<value>2369869879</value>
			<value>5765765677</value>
			</list></property>
			</bean>
	<bean id="add" class="iocdemo1.Address">
	<constructor-arg value="White House"></constructor-arg>
	<constructor-arg value="Washington DC"></constructor-arg>
	<constructor-arg value="${add.city}"></constructor-arg>
	</bean>
	</beans>